<?xml version="1.0" encoding="UTF-8"?>
<project name="module_gestionnote" default="compile.module.gestionnote">
  <dirname property="module.gestionnote.basedir" file="${ant.file.module_gestionnote}"/>
  
  <property name="module.jdk.home.gestionnote" value="${project.jdk.home}"/>
  <property name="module.jdk.bin.gestionnote" value="${project.jdk.bin}"/>
  <property name="module.jdk.classpath.gestionnote" value="${project.jdk.classpath}"/>
  
  <property name="compiler.args.gestionnote" value="-encoding UTF-8 -source 8 -target 8 ${compiler.args}"/>
  
  <property name="gestionnote.output.dir" value="${module.gestionnote.basedir}/out/production/GestionNote"/>
  <property name="gestionnote.testoutput.dir" value="${module.gestionnote.basedir}/out/test/GestionNote"/>
  
  <path id="gestionnote.module.bootclasspath">
    <!-- Paths to be included in compilation bootclasspath -->
  </path>
  
  <path id="gestionnote.module.production.classpath">
    <path refid="${module.jdk.classpath.gestionnote}"/>
  </path>
  
  <path id="gestionnote.runtime.production.module.classpath">
    <pathelement location="${gestionnote.output.dir}"/>
  </path>
  
  <path id="gestionnote.module.classpath">
    <path refid="${module.jdk.classpath.gestionnote}"/>
    <pathelement location="${gestionnote.output.dir}"/>
  </path>
  
  <path id="gestionnote.runtime.module.classpath">
    <pathelement location="${gestionnote.testoutput.dir}"/>
    <pathelement location="${gestionnote.output.dir}"/>
  </path>
  
  
  <patternset id="excluded.from.module.gestionnote">
    <patternset refid="ignored.files"/>
  </patternset>
  
  <patternset id="excluded.from.compilation.gestionnote">
    <patternset refid="excluded.from.module.gestionnote"/>
  </patternset>
  
  <path id="gestionnote.module.sourcepath">
    <dirset dir="${module.gestionnote.basedir}">
      <include name="src"/>
    </dirset>
  </path>
  
  
  <target name="compile.module.gestionnote" depends="compile.module.gestionnote.production,compile.module.gestionnote.tests" description="Compile module GestionNote"/>
  
  <target name="compile.module.gestionnote.production" depends="register.custom.compilers" description="Compile module GestionNote; production classes">
    <mkdir dir="${gestionnote.output.dir}"/>
    <javac2 destdir="${gestionnote.output.dir}" debug="${compiler.debug}" nowarn="${compiler.generate.no.warnings}" memorymaximumsize="${compiler.max.memory}" fork="true" executable="${module.jdk.bin.gestionnote}/javac">
      <compilerarg line="${compiler.args.gestionnote}"/>
      <bootclasspath refid="gestionnote.module.bootclasspath"/>
      <classpath refid="gestionnote.module.production.classpath"/>
      <src refid="gestionnote.module.sourcepath"/>
      <patternset refid="excluded.from.compilation.gestionnote"/>
    </javac2>
    
    <copy todir="${gestionnote.output.dir}">
      <fileset dir="${module.gestionnote.basedir}/src">
        <patternset refid="compiler.resources"/>
        <type type="file"/>
      </fileset>
    </copy>
  </target>
  
  <target name="compile.module.gestionnote.tests" depends="register.custom.compilers,compile.module.gestionnote.production" description="compile module GestionNote; test classes" unless="skip.tests"/>
  
  <target name="clean.module.gestionnote" description="cleanup module">
    <delete dir="${gestionnote.output.dir}"/>
    <delete dir="${gestionnote.testoutput.dir}"/>
  </target>
</project>